{
  "march_2026_by_account": {
    "mm-madmobile-mgmt": 309237.10000000003,
    "mm-monvia": 25859.05,
    "mm-cake-development": 14730.680000000004,
    "mm-retail-prod-us": 12968.57,
    "mm-retail-prod-eu": 4993.490000000001,
    "mm-retail-prod-apac": 3418.4099999999994,
    "mm-retail-prod-us-dr": 3165.8900000000003,
    "mm-payments-prod-us": 2068.2199999999993,
    "mm-menupad-prod-metro": 2037.5500000000002,
    "mm-shared-services": 1819.6299999999999,
    "mm-cake-r-and-d": 1285.25,
    "mm-mm-archive": 965.11,
    "mm-dns-management": 261.58000000000004,
    "mm-shared-artifact-registry": 45.22,
    "mm-forensics": 36.339999999999996,
    "mm-security": 6.029999999999999,
    "mm-marketplace-seller": 2.9,
    "mm-customer-analytics": 2.72
  },
  "march_2026_by_service": {
    "Savings Plans for AWS Compute usage": 96883.34,
    "EC2 - Other": 57904.83,
    "Amazon Relational Database Service": 38199.21,
    "Cursor": 38160.0,
    "AWS Support (Enterprise)": 17774.79,
    "Amazon ElastiCache": 13544.400000000001,
    "Amazon Elastic Load Balancing": 13068.999999999998,
    "Amazon MQ": 12938.25,
    "Amazon Elastic Compute Cloud - Compute": 11390.930000000002,
    "Amazon Simple Storage Service": 11004.42,
    "AmazonCloudWatch": 10621.84,
    "Amazon Virtual Private Cloud": 8604.63,
    "Amazon OpenSearch Service": 7824.92,
    "Native Cloud Data Warehouse Analytics & Business Intelligence Software": 7500.0,
    "Amazon Elastic Container Service for Kubernetes": 5045.07,
    "[AWS MP Private Offer] - MongoDB Atlas on AWS - Contract with Usage (V6)": 4756.0,
    "OCBLateFee": 3701.6,
    "Vanta": 3333.33,
    "Snyk: Developer Security Platform": 3208.31,
    "Amazon GuardDuty": 2919.3499999999995
  },
  "march_2026_total": 382903.74
}